{"max_iter": 373, "zoom_factor": 56.72938431099292, "central_lines": false, "rotation_angle": -0.0066, "color": {"red": 0.9176470637321472, "green": 1.0, "blue": 0.9607843160629272, "alpha": 1.0}, "power": 2.0, "offset": {"x": 0.7299251732104582, "y": -0.5132048739796296}, "antialiasing": 2, "c_polar": {"arg": 2.384468824074653, "abs": 0.747}}