{"max_iter": 212, "zoom_factor": 10074613.684521044, "central_lines": false, "rotation_angle": 0.0, "color": {"red": 1.0, "green": 1.0, "blue": 1.0, "alpha": 1.0}, "power": 2.0, "offset": {"x": -1.7475678199322902, "y": 0.048683145587497256}, "antialiasing": false}