{"max_iter": 500, "zoom_factor": 48.84516201481495, "central_lines": 0, "rotation_angle": 0.0, "color": {"red": 0.2823529541492462, "green": 0.003921568859368563, "blue": 1.0, "alpha": 1.0}, "power": 2, "offset": {"x": -0.0016521243796654606, "y": 0.0015390175503396707}, "antialiasing": false, "c_polar": {"arg": 3.1679820318799474, "abs": 1.2582}}