{"max_iter": 500, "zoom_factor": 153.29704253282856, "central_lines": false, "rotation_angle": 0.0, "color": {"red": 0.0, "green": 0.6666666865348816, "blue": 1.0, "alpha": 1.0}, "power": 2.0, "offset": {"x": -0.006021292194855353, "y": -0.0006877321847794284}, "antialiasing": false, "c_polar": {"arg": 3.151645750081281, "abs": 1.3726}}